site,flagged_under
36,co-evolved only
59,co-evolved only
63,co-evolved only
74,co-evolved only
167,co-evolved only
182,both
185,both
242,co-evolved only
319,co-evolved only
323,co-evolved only
325,co-evolved only
327,both
349,co-evolved only
485,both
504,both
510,both
521,both
1242,co-evolved only
1245,co-evolved only
1407,co-evolved only
1414,co-evolved only
1555,both
1559,both
1653,both
1655,both
1662,both
1664,both
1856,both
1954,co-evolved only
2033,co-evolved only
2038,co-evolved only
2039,co-evolved only
